HeadBottleID,JarID,JarTrt,HeadpH,BlockID,Salinity,Temperature,VINDTA_sample_ID,HeadVINDTATemp,JarDICCorr,JarATCorr,HeadfCO2,HeadpCO2,HeadHCO3,HeadCO3,HeadCO2,HeadBout,HeadOH,HeadPout,HeadSiout,HeadRevelle,HeadOmegaCa,HeadOmegaAr
L18_L_20180705_B1_C1,C1_B1,Control,7.82,B1,20.05,21,L18_A_20180720_C1_15Jul19,25.209,1279.99,1342.93,418.1,419.5,1202.8,62.9,14.3,29.9,2.4,0,0,14.245,1.67,1.03
L18_L_20180705_B1_C2,C2_B1,Exposed,6.95,B1,20.05,21,L18_A_20180720_C2_15Jul19,24.979,1429.39,1338.14,3530.9,3542.7,1300,8.7,120.7,4.3,0.3,0,0,10.69,0.23,0.14
L18_L_20180724_B2_C1,C1_B2,Control,7.78,B2,20.03,20.7,L18_L_20180724_C1_7AM,24.912001,1484.83,1558.19,533.2,535,1400.5,66,18.4,27.4,2.1,0,0,15.454,1.75,1.08
L18_L_20180724_B2_C2,C2_B2,Exposed,7.21,B2,19.93,20.9,L18_L_20180724_c2_700AM,24.902,1658.36,1604.9,2305.3,2313.1,1560.3,19.1,79,7.7,0.6,0,0,15.802,0.51,0.31
L18_L_20180806_B3_C1,C1_B3,Control,7.79,B3,19.97,21.5,L18_20180806_C1_Carbouy1,25.162001,1338.25,1410.94,480.4,482,1260.6,61.5,16.2,28,2.3,0,0,14.841,1.64,1.01
L18_L_20180806_B3_C2,C2_B3,Exposed,7.11,B3,19.97,21.5,L18_L_20180806_C2_24Jul19,25.165,1517.07,1478.22,2670.7,2679.6,1413.1,13.9,90,6.2,0.5,0,0,13.821,0.37,0.23
